,Morgan6_1,Morgan6_2,Morgan6_3,Morgan6_4,Morgan6_5,Morgan6_6,Morgan6_7,Morgan6_8,Morgan6_9,Morgan6_10,Morgan6_11,Morgan6_12,Morgan6_13,Morgan6_14,Morgan6_15,Morgan6_16,Morgan6_17,Morgan6_18,Morgan6_19,Morgan6_20,Morgan6_21,Morgan6_22,Morgan6_23,Morgan6_24,Morgan6_25,Morgan6_26,Morgan6_27,Morgan6_28,Morgan6_29,Morgan6_30,Morgan6_31,Morgan6_32,Morgan6_33,Morgan6_34,Morgan6_35,Morgan6_36,Morgan6_37,Morgan6_38,Morgan6_39,Morgan6_40,Morgan6_41,Morgan6_42,Morgan6_43,Morgan6_44,Morgan6_45,Morgan6_46,Morgan6_47,Morgan6_48,Morgan6_49,Morgan6_50,Morgan6_51,Morgan6_52,Morgan6_53,Morgan6_54,Morgan6_55,Morgan6_56,Morgan6_57,Morgan6_58,Morgan6_59,Morgan6_60,Morgan6_61,Morgan6_62,Morgan6_63,Morgan6_64,Morgan6_65,Morgan6_66,Morgan6_67,Morgan6_68,Morgan6_69,Morgan6_70,Morgan6_71,Morgan6_72,Morgan6_73,Morgan6_74,Morgan6_75,Morgan6_76,Morgan6_77,Morgan6_78,Morgan6_79,Morgan6_80,Morgan6_81,Morgan6_82,Morgan6_83
5-Aminolevulinic acid hydrochloride,1,0,0,0,0,0,1,1,1,0,0,0,0,0,1,1,0,1,0,0,1,0,0,1,1,0,0,0,0,0,0,1,1,1,0,0,0,0,0,1,0,0,0,1,1,0,1,0,1,0,0,0,0,1,0,1,0,1,0,1,0,0,1,1,0,0,0,1,0,0,0,1,0,0,0,0,0,0,0,0,0,0,0
5-Fluorouracil,0,0,0,0,0,1,1,0,0,0,0,0,0,1,1,1,0,0,0,0,0,0,0,1,0,0,0,0,0,1,1,0,0,0,1,1,1,0,0,0,0,1,0,0,0,0,1,0,0,0,1,0,0,0,0,1,0,1,0,0,0,1,1,0,0,1,0,0,1,0,0,0,0,0,1,0,0,1,0,0,0,0,1
6-Mercaptopurine,0,0,0,0,0,0,1,0,0,0,1,0,0,0,0,0,0,0,0,1,0,1,1,0,0,1,0,1,0,0,0,0,0,0,1,0,1,0,1,0,1,0,0,0,0,0,0,1,0,0,0,1,0,0,1,1,1,1,0,1,1,1,0,0,0,0,0,0,0,0,1,1,1,0,1,0,0,1,1,0,0,1,1
6-Thioguanine,0,1,0,0,0,0,1,0,0,0,0,0,0,0,1,1,1,0,0,0,0,1,1,0,1,0,0,1,0,0,0,0,0,0,1,0,1,0,1,0,0,0,0,1,0,1,1,0,0,0,0,1,0,1,0,1,0,1,0,1,1,1,0,0,0,1,1,1,0,0,0,0,1,0,1,0,0,1,1,0,0,1,1
Abiraterone,0,1,0,1,1,1,1,0,0,0,0,0,1,0,0,1,0,1,1,0,1,0,1,0,0,1,0,1,1,0,0,1,0,1,1,1,1,1,0,1,1,1,1,0,1,1,1,1,1,1,0,1,0,0,0,0,1,1,1,1,0,0,0,1,0,0,1,1,1,1,0,0,1,0,1,1,0,1,1,1,1,1,1
Antibiotic AD 32,1,1,0,1,1,1,1,0,1,1,1,1,1,1,1,1,1,1,1,1,1,1,1,1,1,1,1,1,1,1,1,1,0,1,1,1,1,0,1,1,1,1,1,0,1,1,1,0,1,0,1,1,1,1,0,1,1,1,1,0,1,0,1,1,1,1,1,0,1,1,0,1,0,1,1,1,1,1,1,0,1,1,1
Bortezomib,0,0,1,0,0,1,1,0,1,0,0,0,1,0,1,1,1,1,0,0,1,1,1,1,0,0,0,0,1,1,0,0,0,1,1,1,1,1,1,1,1,1,1,0,0,0,1,1,1,0,1,1,1,0,1,1,1,1,1,0,1,0,1,1,1,0,1,1,1,0,1,1,0,1,1,1,1,1,0,0,0,0,1
CABAZITAXEL,1,1,1,1,0,1,1,0,1,1,0,1,1,1,1,1,1,1,1,0,1,0,1,1,0,0,1,1,1,1,1,1,0,1,1,1,1,0,1,1,1,0,1,1,1,1,1,1,1,0,1,1,1,1,0,0,1,1,1,0,1,1,1,1,1,1,0,0,1,1,1,1,1,1,1,1,1,1,1,1,1,1,1
CYTARABINE HYDROCHLORIDE,0,1,1,0,1,0,1,0,1,0,0,1,0,1,0,1,1,1,0,0,1,1,1,0,1,0,1,0,1,1,0,0,1,1,1,1,0,1,0,0,0,0,0,1,1,1,1,0,1,1,1,1,0,1,1,1,1,1,0,0,0,1,1,1,0,1,0,0,0,0,0,0,0,1,0,0,0,0,0,0,0,0,1
Carboplatinum,1,0,0,0,0,0,0,0,1,0,0,0,1,0,1,0,0,1,0,1,0,0,0,0,0,0,0,0,1,0,0,0,1,1,1,0,0,1,0,1,0,1,1,0,0,1,0,0,0,0,1,0,0,0,0,0,0,1,0,0,0,0,1,1,0,0,0,0,0,1,0,0,1,0,0,0,1,1,0,1,0,0,1
Crizotinib,1,1,0,0,0,0,1,0,1,0,0,1,0,1,1,1,1,1,1,0,1,1,1,1,0,1,1,1,1,1,0,0,1,1,1,1,1,1,1,0,1,0,1,1,1,1,1,0,1,0,1,0,1,0,1,1,1,1,0,1,1,1,1,1,1,1,0,1,1,0,1,0,1,1,0,1,1,1,1,1,1,0,1
Dasatinib,1,0,0,1,1,1,1,0,0,1,1,0,0,1,1,1,1,1,1,0,1,1,1,0,1,0,1,0,1,0,1,0,1,1,1,1,1,0,0,1,1,1,1,1,1,1,1,0,1,0,1,1,1,0,1,0,1,1,1,1,1,0,1,1,0,0,1,1,1,1,1,1,1,1,1,1,0,1,0,1,0,0,1
Dexrazoxane,1,0,1,0,0,1,0,0,0,0,0,1,0,0,1,1,0,1,0,1,0,0,0,0,0,0,1,0,0,0,1,1,0,1,1,1,0,0,0,0,0,0,0,0,0,1,1,0,0,0,0,1,1,0,0,1,1,1,0,0,0,1,1,0,1,0,1,0,1,1,0,0,0,0,0,0,1,1,1,0,0,0,1
EXEMESTANE,1,1,0,1,0,0,1,0,0,0,0,0,1,1,1,0,0,1,0,0,1,0,0,0,0,1,1,0,0,1,0,1,0,1,1,1,1,0,0,0,0,0,0,0,1,0,1,0,1,0,0,0,0,1,1,1,1,1,1,0,0,0,1,1,1,1,1,1,1,1,0,1,0,0,1,0,1,1,1,1,1,1,1
Erlotinib,1,0,0,1,0,1,1,0,0,0,0,1,1,1,0,1,1,0,1,1,1,0,1,0,1,1,1,1,1,1,0,1,1,1,1,1,1,0,0,0,0,0,1,0,0,0,1,0,1,1,0,0,1,0,0,0,0,1,0,1,0,1,1,1,1,1,0,0,1,0,1,0,1,1,0,1,1,1,1,1,0,1,1
Erlotinib hydrochloride,1,0,0,1,0,1,1,0,1,0,0,1,1,1,0,1,1,0,1,1,1,0,1,0,1,1,1,1,1,1,0,1,1,1,1,1,1,0,0,0,0,0,1,0,1,0,1,0,1,1,0,0,1,0,0,0,0,1,0,1,0,1,1,1,1,1,0,0,1,0,1,0,1,1,0,1,1,1,1,1,0,1,1
Fludarabine Base,1,1,0,0,1,0,1,0,1,0,1,0,0,1,0,1,1,1,0,0,1,1,1,0,1,0,0,0,1,1,0,0,1,1,1,1,1,1,1,0,0,0,0,1,1,1,1,0,1,1,1,1,1,1,0,1,1,1,0,0,1,1,1,1,0,1,1,0,1,0,0,0,0,1,1,0,0,0,0,0,1,0,1
Fulvestrant,1,1,1,1,0,0,1,0,0,1,1,1,0,0,0,1,1,1,0,0,1,0,1,0,1,0,1,1,1,1,1,0,1,1,1,1,1,1,1,0,0,1,1,0,1,0,1,0,1,1,1,0,0,0,0,1,1,1,1,1,0,1,1,1,1,0,0,1,1,0,1,1,0,1,1,1,1,1,1,1,0,0,1
Gefitinib,1,0,0,0,1,1,1,0,0,0,0,1,1,1,0,1,1,1,1,1,1,0,1,0,1,0,0,1,1,1,0,1,1,1,1,1,1,0,1,0,0,1,1,1,0,1,1,1,1,1,1,1,1,1,0,0,0,1,1,1,0,0,1,0,1,1,0,1,1,1,1,1,1,0,0,1,1,1,1,1,0,1,1
IMIQUIMOD,1,0,1,0,0,1,1,0,1,1,0,1,0,0,1,1,0,0,1,0,1,0,1,0,1,0,0,0,0,0,1,0,1,1,1,0,1,0,0,0,0,1,1,1,0,1,1,0,0,0,1,0,0,0,0,0,1,1,0,0,1,1,0,0,1,1,0,1,1,1,0,1,0,1,1,1,0,1,1,0,1,0,1
Imatinib,0,1,0,1,0,1,1,1,1,1,0,0,0,1,1,1,1,1,1,0,1,1,1,1,1,1,0,1,0,0,0,1,1,1,1,1,1,1,0,1,1,1,1,1,1,1,1,1,1,0,0,1,1,0,0,1,0,1,1,1,0,0,1,0,1,1,1,1,1,0,1,1,1,1,1,1,1,1,0,1,0,1,1
Ixabepilone,1,1,0,0,1,1,1,1,0,1,0,0,0,1,1,1,1,1,1,1,0,1,1,0,1,1,0,1,1,1,0,0,1,1,1,1,1,0,1,1,1,0,0,0,1,1,1,0,1,0,0,1,0,1,1,1,1,1,1,1,0,1,1,1,1,0,1,1,1,1,0,1,1,0,0,0,1,1,1,1,0,1,1
Lapatinib,1,1,1,0,0,1,1,1,0,1,0,1,1,1,1,1,1,0,1,0,1,1,1,0,1,1,1,1,1,1,1,1,1,1,1,1,1,0,1,0,1,1,1,1,1,1,1,0,1,1,1,0,1,1,0,1,0,1,0,1,0,0,1,1,1,1,1,1,1,0,1,1,1,1,0,1,1,1,1,0,1,0,1
Lenalidomide,1,1,0,0,0,1,1,0,1,0,0,0,1,0,0,0,1,0,1,0,1,0,0,1,0,1,0,0,1,1,1,1,1,1,1,1,1,1,1,0,0,1,0,1,0,1,1,0,0,1,0,1,0,0,0,1,1,1,0,0,1,1,1,1,1,1,1,0,1,1,0,0,0,0,0,0,0,1,1,1,1,0,1
MEGESTROL ACETATE,1,1,0,0,1,1,1,1,0,0,1,0,1,1,1,0,0,0,0,1,0,1,1,1,1,0,1,1,1,1,0,1,1,1,1,1,1,0,1,1,1,1,0,0,0,0,1,1,0,1,0,1,0,0,0,0,1,1,0,1,1,1,1,1,1,0,1,1,1,0,1,0,0,1,1,1,1,1,1,1,0,1,1
MITHRAMYCIN,1,1,1,1,1,1,1,0,1,0,1,1,1,1,1,1,1,1,1,1,1,1,1,1,0,1,1,1,1,1,1,1,1,1,1,1,1,0,1,1,1,0,1,1,0,0,1,1,1,0,1,1,0,1,1,0,1,1,0,0,1,1,1,1,1,1,1,1,1,1,1,1,1,1,1,1,1,1,1,1,1,1,1
Melphalan hydrochloride,1,0,0,0,0,1,1,1,1,0,0,1,0,0,1,1,0,1,0,1,1,1,0,0,0,0,0,1,1,0,0,0,0,1,1,0,0,1,0,1,0,1,1,1,1,0,1,0,0,0,1,1,1,0,1,0,0,1,1,0,1,0,1,1,1,1,1,0,0,0,0,1,0,1,1,1,0,1,0,1,0,0,1
Nilotinib,1,0,1,1,0,1,1,1,1,1,0,0,1,1,1,1,1,1,1,1,1,1,1,1,1,1,1,1,0,0,0,1,1,1,1,1,1,1,1,1,1,0,1,1,1,1,0,1,1,1,1,1,1,0,0,1,1,1,1,1,0,1,1,1,1,0,1,0,1,1,1,1,1,1,0,1,1,1,0,1,1,1,1
Pazopanib hydrochloride,1,0,0,1,1,1,1,0,1,1,1,1,1,0,1,0,1,0,1,1,1,1,1,1,1,0,0,1,0,1,0,0,1,0,1,0,1,1,1,1,0,1,1,1,1,1,1,0,1,1,1,1,1,1,0,0,1,1,1,1,0,0,1,1,1,1,0,1,1,1,0,1,1,1,0,1,1,1,1,1,0,1,1
Pemetrexed,1,1,0,0,0,1,1,0,1,0,1,0,0,0,1,1,1,1,1,0,1,1,1,1,1,1,1,0,0,0,1,1,0,1,1,1,0,0,0,1,1,0,1,1,1,1,1,1,0,0,0,1,1,1,0,1,0,1,0,0,1,1,1,1,1,1,0,0,1,0,1,1,0,1,1,1,1,1,0,1,1,1,1
Pralatrexate,1,0,0,1,1,0,1,0,0,0,1,0,1,1,1,1,1,1,0,1,1,1,1,1,1,1,1,0,1,1,1,1,1,1,1,1,1,1,0,1,1,1,1,1,1,1,1,1,0,1,1,1,1,0,1,1,0,1,0,0,1,1,1,1,1,1,0,1,0,1,1,1,0,0,1,1,0,1,0,1,0,0,1
Procarbazine hydrochloride,0,0,0,1,0,1,1,0,1,0,0,0,0,0,1,1,1,0,1,0,1,1,1,0,1,1,1,0,0,1,1,0,1,1,1,0,1,0,0,1,1,0,1,1,1,1,1,1,0,1,0,0,1,0,0,0,0,1,0,0,1,0,1,0,1,0,0,0,1,0,0,1,0,1,1,0,0,1,1,1,0,0,1
Quinacrine hydrochloride,1,0,1,1,1,1,1,0,1,0,1,0,1,0,1,1,1,0,0,0,1,1,1,1,1,1,1,1,0,0,1,1,1,1,1,1,1,0,1,1,1,0,1,0,1,1,1,0,0,0,1,0,1,0,1,1,1,1,1,1,1,0,0,0,1,1,1,0,1,1,1,1,0,1,0,1,1,1,1,0,1,1,1
Retinoic acid,1,0,0,0,0,1,0,0,0,0,1,0,0,0,1,0,1,1,1,0,1,0,0,1,0,1,0,1,0,0,0,1,1,1,1,0,1,1,1,1,1,0,0,0,1,0,0,1,1,1,0,1,0,0,0,0,0,1,1,1,1,1,1,1,1,1,0,0,1,0,1,1,1,0,1,1,1,1,1,1,1,0,1
Ruxolitinib,1,1,0,1,0,1,1,1,1,0,0,0,1,0,1,1,1,1,1,0,1,1,1,1,0,1,1,0,1,0,0,1,1,1,1,0,1,0,1,0,0,0,0,0,0,1,1,0,1,0,0,0,0,0,1,1,0,1,0,1,0,1,0,1,1,1,1,1,0,0,1,1,1,0,1,1,1,1,1,1,0,0,1
Sorafenib,0,0,0,1,1,0,1,0,1,1,0,0,0,0,1,1,1,0,1,0,1,1,1,0,0,1,0,0,1,1,1,0,1,1,1,1,1,1,1,1,1,0,1,1,0,1,1,1,0,1,1,1,1,0,0,1,0,1,1,1,1,1,1,0,1,0,0,1,1,0,1,0,0,1,0,1,0,1,1,0,1,0,1
Sunitinib,1,1,1,1,1,0,1,0,0,0,1,0,1,0,1,1,1,1,0,0,1,1,1,0,0,1,0,1,1,0,1,1,0,0,1,0,1,0,1,1,0,0,1,0,1,0,1,0,1,1,1,1,1,0,0,1,1,1,0,0,1,1,1,0,1,1,1,0,1,0,1,1,1,0,1,1,1,1,1,0,0,1,1
TOPOTECAN HYDROCHLORIDE,1,0,0,0,1,1,1,0,1,0,0,1,1,0,1,1,1,1,1,1,1,1,1,0,1,1,1,1,1,0,1,1,1,1,1,1,0,1,1,0,0,1,1,0,1,1,1,0,1,0,1,0,1,1,1,1,1,1,1,1,1,1,1,1,0,1,1,0,1,1,0,1,0,0,0,1,1,1,0,1,1,1,1
Tamoxifen citrate,1,0,0,1,1,1,1,0,0,0,1,1,0,0,1,1,0,1,0,1,1,1,0,1,0,0,1,1,0,1,1,0,0,1,1,1,1,0,1,1,1,1,1,0,0,0,1,1,0,1,1,0,1,1,0,1,0,1,1,0,0,1,1,1,1,0,1,1,1,0,1,1,1,1,1,1,0,1,1,0,1,0,1
Uramustine,0,0,1,1,0,1,1,1,0,0,0,0,0,1,0,1,0,0,1,0,0,1,0,1,0,0,0,1,1,0,1,0,0,0,1,1,1,0,1,0,0,1,0,1,0,0,1,0,0,0,0,1,0,0,0,1,0,1,0,0,0,1,1,0,0,1,0,0,0,1,0,1,0,1,1,0,0,1,1,0,0,0,1
Vandetanib,1,1,0,1,0,0,1,0,1,1,1,1,1,1,0,1,1,0,1,1,1,0,1,0,1,1,0,1,1,0,0,1,1,1,1,1,1,0,1,0,0,0,1,0,0,1,1,1,1,1,1,1,1,0,0,0,0,1,0,1,0,0,1,1,0,0,1,0,1,1,1,1,1,1,0,1,1,1,1,1,1,1,1
Vemurafenib,1,0,1,0,0,1,1,0,0,0,0,0,0,0,1,1,1,1,1,1,1,0,1,1,0,0,1,0,0,1,1,1,1,1,1,1,1,0,1,1,1,1,1,1,1,1,1,0,0,1,1,0,1,1,0,1,1,1,1,0,0,1,1,1,1,1,1,1,1,0,1,0,1,1,0,0,0,1,1,1,1,1,1
Vinblastine sulfate,1,1,1,0,1,1,1,1,1,1,1,1,1,1,1,1,1,1,1,1,1,0,1,1,1,1,1,1,1,1,1,1,1,1,1,1,0,1,1,1,1,1,1,1,1,1,1,0,1,1,0,1,1,1,1,1,1,1,1,1,0,1,1,1,1,1,1,0,1,1,1,1,1,1,1,1,1,1,1,1,1,1,1
Vincristine sulfate,1,1,1,0,1,1,1,1,1,1,1,1,1,1,1,1,1,1,1,1,1,0,1,1,1,1,1,1,1,1,0,1,1,1,1,1,0,1,1,1,1,1,1,1,1,1,1,1,1,1,1,1,1,1,1,1,1,1,0,0,0,1,1,1,1,1,1,1,1,1,1,1,1,1,1,1,1,1,1,1,1,1,1
Vismodegib,1,1,1,0,0,1,1,1,1,1,0,0,0,0,1,0,1,0,1,1,1,1,1,1,0,1,0,0,1,1,1,1,1,1,1,1,1,1,0,1,1,0,1,1,0,1,1,0,0,1,0,0,1,0,1,1,1,1,1,0,1,0,1,0,1,0,0,1,1,0,1,0,0,0,1,1,1,1,0,0,1,1,1
Vorinostat,0,0,1,0,1,1,1,0,0,0,1,1,0,0,1,1,1,1,0,0,1,0,0,1,0,0,0,0,0,0,1,1,0,1,1,0,0,0,0,1,0,0,1,0,0,1,1,1,0,1,0,0,1,0,0,0,0,1,1,0,1,0,1,1,1,0,1,0,0,1,0,1,0,0,0,0,1,0,0,1,1,1,1
Zoledronic acid,0,0,0,1,0,0,1,0,1,1,0,0,1,0,0,1,0,1,0,0,1,0,1,0,0,0,0,0,0,1,0,1,0,0,1,0,0,0,1,1,0,1,0,1,0,1,1,0,1,1,0,1,0,0,1,0,0,1,0,1,0,1,1,1,1,0,0,1,0,0,0,0,1,1,0,0,0,0,0,0,0,1,1
allopurinol,0,0,0,1,0,1,1,0,0,0,0,0,0,1,1,0,0,0,1,0,1,0,1,1,1,0,1,0,0,1,1,0,0,0,1,1,1,0,0,0,0,0,0,0,0,0,1,1,0,0,0,1,0,1,0,1,1,1,0,1,0,1,1,0,0,0,0,0,0,0,0,0,0,1,0,0,0,0,0,0,0,0,1
altretamine,0,1,0,0,1,0,0,0,0,0,0,0,0,0,0,0,0,0,0,0,0,1,1,1,1,0,1,1,0,0,1,0,0,0,0,0,0,0,0,0,0,0,0,0,0,0,0,0,0,0,1,0,0,0,0,0,0,1,1,0,1,0,0,0,0,0,0,0,1,0,0,0,0,0,0,0,0,1,0,0,0,0,1
amifostine,0,0,0,0,1,0,1,0,0,0,0,1,0,1,1,1,1,1,1,0,1,0,0,0,0,0,1,0,1,1,0,0,0,0,0,0,0,0,1,0,1,0,0,1,0,0,1,1,1,0,0,1,1,1,0,0,0,1,1,0,0,1,1,1,0,0,0,0,0,1,1,0,0,0,0,0,0,1,0,1,1,0,1
anastrozole,1,0,1,0,1,1,1,0,1,0,0,0,0,1,0,1,1,1,0,0,0,0,1,1,0,0,1,0,0,0,0,0,0,1,1,0,1,0,1,1,0,1,1,0,0,1,1,1,1,0,0,0,0,1,0,0,1,1,1,1,0,1,0,0,0,1,0,0,1,1,0,0,0,1,1,1,1,1,1,0,0,0,1
bleomycin,1,1,1,1,1,1,1,1,1,1,1,1,1,1,1,1,1,1,1,0,1,1,1,1,1,1,1,1,1,1,0,1,1,1,1,1,1,1,1,1,1,1,1,1,1,1,1,1,1,1,1,1,1,1,1,1,1,1,1,1,0,1,1,1,1,1,1,1,1,1,1,1,0,1,1,1,1,1,1,1,1,1,1
busulfan,1,1,0,0,1,0,0,0,0,0,0,0,0,0,0,1,0,0,0,0,0,0,0,0,0,0,0,0,0,0,0,0,0,0,1,0,0,0,0,1,0,0,0,1,0,1,1,0,0,0,0,0,0,0,0,0,0,1,1,1,0,1,1,0,1,1,0,0,1,0,0,0,0,0,0,1,0,1,0,0,0,0,0
carmustine,1,1,0,0,0,0,0,1,0,0,1,1,0,0,1,1,1,0,0,0,1,1,1,0,0,0,0,1,1,0,0,0,0,0,0,0,0,0,1,1,0,1,0,0,0,0,1,0,0,0,0,0,1,0,0,1,1,1,1,0,0,0,1,0,0,0,0,1,0,0,1,0,0,0,0,0,0,1,1,0,0,0,0
celecoxib,1,0,0,1,1,0,1,1,1,0,1,1,1,0,1,1,1,1,1,1,1,0,1,0,0,0,0,0,1,1,0,0,0,1,1,0,0,1,1,0,0,0,1,1,0,1,0,0,1,0,1,1,0,1,1,1,1,1,0,0,0,0,1,1,1,1,1,0,1,1,1,0,0,1,0,0,0,1,0,1,0,0,1
chlorambucil,1,0,0,0,0,1,1,1,0,0,0,1,0,0,1,1,0,1,0,0,1,1,1,0,0,0,1,1,1,1,0,1,0,1,1,0,0,0,0,1,0,1,0,0,1,0,1,1,0,0,1,1,0,0,0,1,0,1,1,0,0,0,1,1,0,1,1,0,0,0,0,1,0,1,0,0,0,1,1,0,1,0,1
cyclophosphamide,0,0,0,0,0,0,0,1,1,0,0,1,0,0,0,1,1,1,0,0,0,1,0,0,0,1,0,1,1,0,0,0,1,1,1,1,0,0,1,1,0,1,0,0,0,0,1,0,0,0,1,1,1,0,1,1,1,1,0,1,0,1,1,0,0,0,0,1,0,0,0,0,0,0,0,1,1,1,0,0,0,0,0
dacarbazine,1,1,0,0,1,0,1,1,0,0,0,0,0,1,1,1,0,0,0,1,0,1,1,0,0,1,0,0,1,0,0,0,1,0,1,0,1,1,1,1,0,0,1,1,1,0,0,0,0,0,0,0,0,0,0,1,0,1,0,1,1,1,1,0,0,0,0,0,1,0,0,0,0,1,0,0,0,1,0,0,0,0,1
dexamethasone,1,1,0,0,0,0,1,0,1,1,0,1,1,1,1,1,1,1,1,0,0,1,0,1,0,1,1,1,0,1,1,0,0,1,1,0,1,0,1,1,1,0,0,1,1,1,1,0,1,0,1,1,1,1,0,0,0,1,1,1,1,1,1,1,1,0,0,1,1,1,0,0,0,1,0,0,1,1,1,1,0,1,1
docetaxel,0,1,1,1,0,1,1,0,0,1,0,1,0,0,1,1,1,1,1,0,1,0,1,1,0,0,1,1,1,1,1,0,0,1,1,1,1,0,1,1,1,0,1,0,1,1,1,1,1,1,1,1,1,1,0,0,1,1,1,0,1,1,1,1,1,1,1,0,1,1,1,1,0,1,1,1,1,1,1,1,1,1,1
doxorubicin,1,1,1,1,0,1,1,1,1,1,1,1,1,1,1,1,1,1,1,0,1,1,1,0,1,0,1,1,1,1,1,1,0,1,1,1,1,0,1,1,1,1,1,1,1,1,1,0,1,0,0,1,1,1,0,1,1,1,0,0,1,0,1,1,1,1,1,0,1,1,0,1,0,1,1,1,1,1,1,0,1,1,1
etoposide,1,1,0,0,0,1,1,1,1,0,0,0,1,0,0,1,1,1,0,1,1,1,1,0,1,1,0,0,1,0,1,1,1,1,1,1,1,0,1,0,1,0,1,0,1,1,1,1,1,1,0,1,0,1,1,1,1,1,0,0,1,1,1,1,0,1,1,1,1,1,1,1,1,0,0,1,1,1,1,1,1,1,1
gemcitabine,0,1,1,1,0,0,1,0,1,0,1,1,0,0,0,1,1,1,0,0,1,1,1,0,1,0,0,0,1,1,0,1,1,0,1,1,1,1,0,0,0,0,0,1,1,1,1,0,1,1,1,1,1,1,1,0,0,1,0,0,0,0,1,1,0,1,0,1,0,0,0,1,1,1,0,1,0,1,0,0,0,0,1
hydroxyurea,0,0,0,0,0,0,1,0,0,0,0,1,0,0,1,0,1,1,0,0,1,0,0,0,0,0,0,0,0,0,0,1,1,0,1,0,0,0,0,1,0,0,0,1,0,0,0,0,0,0,0,0,1,0,0,0,0,1,0,0,1,0,1,1,0,0,0,0,0,1,0,0,0,1,0,0,0,0,0,0,0,0,0
ifosfamide,0,0,0,0,1,0,1,1,1,1,0,1,0,0,0,1,1,1,0,0,0,0,0,0,0,0,1,1,1,0,0,0,1,1,0,1,0,0,0,1,1,1,0,0,0,1,1,0,0,0,1,0,1,0,0,1,0,1,0,0,1,0,1,0,0,1,0,1,0,0,1,0,0,0,0,1,1,1,1,1,0,0,1
letrozole,1,0,0,0,0,0,1,0,1,0,1,1,0,0,1,0,0,0,0,1,1,0,1,0,0,1,1,0,1,0,1,1,1,1,1,0,0,1,0,0,0,1,0,0,0,1,0,1,1,0,0,0,1,0,0,1,0,1,1,1,0,1,0,0,1,1,0,0,0,1,0,0,1,0,0,0,1,0,1,0,0,0,1
lomustine,1,1,0,0,0,0,0,1,0,0,0,1,0,1,1,1,1,0,1,0,0,1,1,1,0,0,0,1,1,0,0,0,1,1,0,1,0,0,1,1,0,1,0,1,0,0,1,1,0,0,0,1,1,0,0,0,0,1,0,0,0,0,1,1,0,0,0,1,0,0,1,0,0,0,0,1,0,1,1,0,0,0,1
metformin,0,0,0,0,1,0,1,0,1,0,0,1,0,0,0,1,0,0,0,0,0,1,1,0,0,0,0,1,1,0,0,0,0,1,0,0,0,0,0,1,1,0,0,1,0,0,0,0,0,0,0,0,1,1,0,0,0,1,0,1,1,0,0,0,0,0,0,1,1,0,0,0,0,1,0,0,0,1,0,0,0,1,0
methotrexate,1,0,0,1,1,0,1,0,1,0,1,0,1,1,1,1,1,1,0,1,1,1,1,1,1,1,1,1,1,1,1,1,1,1,1,1,1,1,0,1,1,1,1,1,1,1,1,1,0,1,1,1,1,0,0,1,0,1,0,0,1,0,1,1,1,1,0,0,1,1,1,1,0,0,0,1,0,1,0,1,0,0,1
methoxsalen,1,0,1,0,0,0,1,1,1,0,0,0,0,1,1,1,1,1,1,1,1,0,1,1,0,0,0,1,0,0,0,1,0,0,1,1,1,1,0,0,0,1,1,0,0,0,1,0,1,1,0,0,0,1,0,0,0,1,1,0,1,0,1,1,0,1,0,0,1,0,1,1,1,0,0,1,0,1,0,0,1,1,1
mitomycin C,0,1,1,1,0,1,1,1,1,0,1,1,1,1,1,1,1,0,0,1,1,0,0,0,1,0,1,1,0,0,1,1,0,1,0,0,0,1,0,1,1,0,1,1,0,1,1,1,0,1,1,1,0,0,0,1,0,1,0,1,0,1,1,1,0,1,0,1,1,0,0,1,1,1,1,1,0,1,1,1,0,1,1
mitotane,1,0,0,0,0,1,1,0,1,0,0,0,1,0,1,0,0,0,0,0,1,1,0,1,0,0,0,0,1,0,0,0,1,0,1,0,1,1,0,1,1,1,0,0,1,0,0,0,0,0,0,0,0,0,0,0,0,1,0,0,0,1,0,0,1,1,0,0,1,1,0,1,0,1,0,0,0,1,0,1,0,0,1
mitoxantrone,0,0,0,0,1,0,1,0,1,0,1,0,0,1,1,1,1,1,1,0,1,0,0,0,1,0,0,0,0,0,0,0,0,0,1,0,0,0,0,0,0,1,1,1,1,1,1,0,0,0,0,1,1,1,0,0,1,1,0,1,0,0,1,1,1,1,0,0,0,0,1,0,0,1,1,0,0,1,0,0,1,0,1
paclitaxel,1,1,1,1,0,1,1,1,1,1,0,0,1,1,1,1,1,1,1,0,1,1,1,1,0,1,1,1,1,1,1,0,0,1,1,1,1,0,1,1,1,0,1,1,1,1,1,1,1,1,1,1,1,1,0,0,0,1,1,0,1,0,1,1,1,1,1,0,1,1,1,1,0,1,1,1,1,1,1,1,1,1,1
pipobroman,0,1,0,0,0,0,0,0,0,1,0,0,0,0,1,1,0,1,0,1,0,0,0,0,0,0,0,0,0,0,0,1,0,1,0,1,0,0,0,1,0,0,1,1,0,1,1,0,1,0,0,0,0,0,0,0,0,1,0,0,0,0,1,0,0,0,0,1,1,0,0,0,0,0,1,0,0,1,0,1,0,0,1
raloxifene,1,1,0,1,0,1,1,1,0,0,0,1,0,1,1,1,1,1,0,1,1,1,0,0,0,0,0,1,1,1,1,0,1,1,1,0,1,1,1,1,1,0,1,0,1,1,1,1,0,1,0,0,0,1,0,1,1,1,0,0,0,1,1,1,1,1,0,1,1,0,1,1,1,1,1,1,0,1,0,1,1,1,1
temozolomide,0,0,0,0,0,0,1,1,1,0,0,0,1,0,1,0,0,0,1,0,0,0,1,0,0,0,0,1,0,0,0,1,0,0,1,0,1,0,0,1,0,0,1,1,1,1,1,0,0,0,0,0,1,0,0,0,1,1,0,0,1,1,1,0,1,1,0,0,1,0,1,0,0,1,0,1,1,1,0,0,0,1,1
teniposide,1,1,0,0,0,1,1,0,1,0,0,0,1,0,1,1,1,1,0,1,1,1,1,0,1,1,0,0,1,1,1,1,1,1,1,1,1,1,1,0,1,1,1,1,1,1,1,1,1,1,0,1,0,1,1,1,1,1,0,0,1,1,1,1,0,0,0,1,1,0,1,1,1,0,0,1,1,1,1,1,1,1,1
thalidomide,1,1,0,0,0,1,1,0,0,0,0,0,0,1,0,1,1,0,0,0,1,1,0,1,0,1,0,0,1,0,1,1,0,1,1,1,1,0,1,0,0,1,0,0,0,1,1,1,0,0,0,1,0,0,0,1,1,1,0,0,0,1,1,1,1,0,0,0,1,0,0,0,0,0,1,0,0,1,1,0,0,0,1
thiotepa,0,0,0,0,0,0,0,0,0,0,0,0,0,0,0,0,1,0,0,0,1,0,0,0,0,0,0,0,0,0,0,1,0,1,0,0,0,0,0,0,0,0,0,0,0,1,0,0,0,0,0,0,0,0,1,0,0,1,0,1,0,0,1,0,0,0,1,0,1,0,0,1,0,0,0,0,0,1,0,1,0,1,0
topotecan,1,0,0,0,1,1,1,0,0,0,0,1,1,0,1,1,1,1,1,1,1,1,1,0,1,1,1,1,1,0,1,1,1,1,1,1,0,1,1,0,0,1,1,0,1,1,1,0,1,0,1,0,1,1,1,1,1,1,1,1,1,1,1,1,0,1,1,0,1,1,0,1,0,0,0,1,1,1,0,1,1,1,1
vinblastine,1,1,1,0,1,1,1,1,1,1,1,1,1,1,1,1,1,1,1,1,1,0,1,1,1,1,1,1,1,1,1,1,1,1,1,1,0,1,1,1,1,1,1,1,1,1,1,0,1,1,0,1,1,1,1,1,1,1,0,1,0,1,1,1,1,1,1,0,1,1,1,1,1,1,1,1,1,1,1,1,1,1,1
vinorelbine,1,1,1,0,1,1,1,1,1,1,1,1,1,1,1,1,1,1,1,1,1,0,1,1,1,1,1,1,1,1,1,1,1,1,1,1,0,1,1,1,1,1,1,1,0,1,1,0,1,1,0,1,1,1,1,1,1,1,1,1,0,1,1,1,1,1,1,0,1,1,1,1,1,1,1,1,1,1,1,1,1,1,1
