,0,1,2,3,4,5,6,7,8,9,10,11,12,13,14,15,16,17,18,19,20,21,22,23,24,25,26,27,28,29,30,31,32,33,34,35,36,37,38,39,40,41,42,43,44,45,46,47,48,49,50,51,52,53,54,55,56,57,58,59,60,61,62,63,64,65,66,67,68,69,70,71,72,73,74,75,76,77,78,79,80,81,82,83,84,85,86,87,88,89,90,91,92,93,94,95,96,97,98,99
0,0.30971628,-0.31595328,-0.38430923,-0.026065437,-0.346233,0.3767252,-0.021724192,-0.14366122,-0.063988574,0.21639968,0.26012623,-0.17761853,-0.03273728,-0.32996556,-0.13918869,0.013834937,0.2208293,-0.38169265,-0.22548057,0.024215022,-0.13653173,-0.13323094,-0.16304345,-0.11598698,0.075609945,-0.33958012,0.092847906,-0.2213032,0.35512623,-0.18775815,0.3820382,0.3360844,-0.21210286,-0.3929759,0.0024800035,0.35970357,0.35868698,-0.2809307,-0.32322317,0.046862874,0.11389531,0.12022896,0.23419741,-0.12382673,-0.17952414,-0.29716545,-0.12995927,-0.33400112,0.3069194,-0.3275106,0.17252357,-0.084863774,0.1691383,0.20132522,0.34380105,-0.20031756,-0.26109996,0.19938606,-0.13092992,0.39640695,-0.231703,-0.07709624,0.20419134,-0.03479901,-0.37085825,0.3432344,-0.07946386,0.30237067,0.1593897,-0.3631408,0.11827964,-0.14861624,-0.11524313,-0.10470184,0.093446605,-0.23997791,0.23232333,-0.21071121,-0.017498443,-0.23467131,-0.13309264,0.34954843,-0.3046854,-0.21413353,-0.04652467,-0.30046827,-0.013673728,-0.26103655,0.25731787,0.3222272,0.18216306,0.07008207,0.15407293,-0.23127523,-0.07391931,-0.10026989,0.24430628,0.30864432,0.24029386,-0.29069138
1,0.061518382,-0.12748946,-0.33106846,-0.37829474,-0.05273751,0.24327998,-0.10180734,-0.18840457,-0.06441385,0.3557135,0.24159567,-0.004671781,-0.23274961,0.006512227,-0.13340953,-0.15829109,-0.2761862,0.0770245,0.10574236,-0.05739336,0.30122674,-0.34130213,0.18100506,0.20364362,0.053466547,0.15173367,0.1263305,0.12190166,0.13917907,0.13093902,0.41114888,0.12274575,-0.3400725,-0.24563211,-0.020113833,-0.0031987655,0.2703395,-0.3099152,-0.16919793,0.14020073,0.13796833,0.19643548,-0.22017138,0.24178718,-0.36508942,0.21075256,0.3041397,-0.14494412,0.13197711,-0.30595908,0.08013835,-0.121075936,-0.08753089,-0.10844775,0.37732312,0.20188649,-0.05446328,0.30909404,0.11178775,0.22042184,-0.019711174,-0.25680816,-0.1227788,-0.032944962,-0.114861384,0.06560241,-0.21579804,-0.005927709,0.08173901,-0.18184483,0.07365099,0.36607084,-0.109793805,-0.01447703,0.16121009,-0.34904826,-0.09212365,0.23046333,-0.13679446,0.10361912,-0.3159804,-0.0077016004,-0.23467259,-0.10204546,0.3452404,-0.32190317,0.35512915,-0.28277427,-0.06058713,-0.057527654,0.43839395,-0.10601647,0.07970971,-0.18760897,0.35221797,0.04314569,0.038054578,0.37481815,-0.16343984,0.19146223
2,0.018658713,-0.042455554,0.08211132,-0.31459752,-0.16336605,0.167845,0.26583526,-0.15802285,-0.20008238,0.35022706,0.109767646,-0.2339145,-0.067061044,-0.21937406,-0.23064196,-0.14065772,0.04296476,-0.18472078,-0.23640674,-0.2522583,0.39152047,-0.100091934,-0.28090012,0.23945469,-0.030264251,0.24255265,-0.04522496,-0.069610626,-0.08043834,-0.16156852,0.2939103,0.1259384,-0.017926075,-0.24864644,0.33377492,0.29682395,0.07610599,-0.28718644,0.18334645,0.040244907,-0.2099134,-0.2822556,-0.2814282,0.34279266,-0.25413135,0.42879987,-0.332046,0.038036924,0.3530577,-0.0064209425,-0.40586546,-0.11377912,0.19262366,-0.15057556,-0.11555962,-0.07585603,0.24799185,0.33688954,-0.24396785,-0.12700984,0.29343176,-0.038764317,0.13380243,0.25888148,-0.095804244,0.08010662,-0.2876725,0.207263,0.261225,0.005588899,0.10344507,-0.17259291,-0.24409841,-0.123860106,0.23417425,-0.3288123,0.00040355374,-0.276286,-0.13961756,0.20996329,-0.3827152,0.32526228,0.29461688,-0.1590283,0.34551513,0.30696806,0.30420613,-0.34528732,-0.03125024,0.20381838,0.22641164,-0.12756301,0.21661092,-0.33466387,0.3834866,0.13794746,0.36588714,0.31778812,-0.2523085,-0.020640638
3,0.24866378,-0.06375867,-0.25382528,-0.006178773,-0.23338372,0.08071762,0.084398866,-0.0603143,-0.32531595,0.39271045,0.25676736,-0.20288475,-0.38151553,-0.43631983,-0.33055377,0.21657547,0.0901586,-0.2530309,0.014555028,0.04921908,0.03786082,-0.3817784,-0.06747415,-0.20257704,-0.102184534,0.09422533,-0.36195064,-0.0028446757,0.2560735,-0.20891416,0.2422761,0.35686982,-0.29407653,-0.3700895,0.43236333,-0.01453472,0.2795685,0.007607924,-0.17884517,-0.36613938,-0.34141392,-0.23428054,0.051397055,0.2613716,-0.18996988,0.14880016,-0.30362564,-0.2857284,0.12595432,-0.36108246,-0.09691379,0.04330841,0.1808529,-0.12770705,0.044609748,-0.27067268,-0.38003752,0.3233774,0.07834289,0.12718293,0.06236781,-0.102055445,-0.102782816,0.23364773,-0.20557956,0.007792389,-0.17358518,0.12060033,0.44740736,-0.12650914,0.29666117,0.20866603,0.34605467,0.20177743,0.36982602,-0.25119412,0.3095929,-0.043267287,-0.4241032,0.3203743,-0.3412447,0.23457533,0.1464683,-0.069774464,0.27484697,-0.121035,0.21495236,-0.41855296,0.33881533,0.021444857,0.40485913,-0.06775114,0.36284062,-0.18016273,0.35872546,0.22607781,-0.023375485,0.2876895,0.110637255,0.1250956
4,-0.092798576,-0.12008922,-0.1272319,-0.39956912,-0.26695222,0.32554644,0.3197426,-0.04301595,0.10920353,0.32093975,0.13934734,-0.27278024,-0.11729721,0.031759325,-0.061922193,0.31409785,-0.3296645,0.10308327,0.2639389,0.16171268,0.099959075,-0.17854373,-0.24081971,0.097774684,-0.2690964,0.044210505,-0.22251976,-0.31073028,-0.13983878,-0.21929339,0.32761437,0.18212602,-0.0027071345,-0.3033662,0.17592728,-0.13570978,0.1772444,0.053229045,0.20903023,0.103005275,-0.18921314,-0.050074946,-0.040478412,0.10760899,-0.26849997,0.34404394,-0.057366177,0.11678124,0.36389086,-0.23143919,-0.102163516,0.052358788,-0.363698,0.02015143,0.07057049,-0.37687314,-0.28768224,0.20531972,-0.16794828,0.06194898,-0.09511035,-0.31385666,0.13247268,0.27026078,-0.18176082,0.16350986,-0.37822798,0.17062843,0.086783186,-0.10887096,0.025129821,0.21598019,-0.11515932,-0.2151133,0.39727008,-0.3714742,0.20236136,0.2463287,-0.079813115,-0.04429868,-0.17409165,0.3739979,0.13165186,0.022172617,0.13803537,0.22445191,0.38745672,-0.20025367,0.27520314,-0.06476928,0.2932928,-0.3660884,0.2486754,-0.24989744,0.3392283,0.24995796,0.31267032,0.08574305,0.12878245,-0.12376098
5,-0.30380315,-0.09626844,-0.24906418,0.102849945,-0.24467579,0.100302644,0.3018625,0.03682238,-0.04529504,0.36106554,0.054236114,-0.07033374,-0.4595088,-0.080823645,-0.28776744,-0.17215042,-0.1986379,-0.3604266,-0.09451181,0.04077065,0.27710986,-0.3151074,-0.017545836,-0.14729524,-0.30865854,0.2429074,0.10095996,-0.30567622,0.29763857,0.16074128,0.10207923,-0.052046727,0.09617513,-0.079602,-0.24725662,-0.21641567,0.38664186,0.04565248,0.0358785,-0.24384092,-0.37319514,0.1224354,-0.09024787,0.15589833,-0.36078715,0.019659266,0.28310493,-0.213529,-0.1599945,-0.32472423,-0.11245943,-0.36606345,-0.3668623,-0.015900912,-0.141977,-0.33627293,0.080227315,-0.14267053,-0.34764472,0.020683972,-0.28989708,-0.1757264,0.018902153,0.28554046,-0.05061671,-0.010197768,0.0113376025,0.30777517,0.019834552,-0.059036475,0.0035135392,0.12839289,-0.25029263,-0.09556293,0.039140143,0.13239634,0.4096713,0.014424686,-0.04678711,-0.08879016,-0.38293597,0.11482081,0.35600019,0.06207703,0.055291187,-0.13597246,0.27157158,-0.18047427,0.034709897,0.3080336,0.2502744,-0.32469165,0.21121457,0.09571641,0.42282704,-0.0020928616,0.03600206,0.083209954,-0.24479276,-0.22479218
6,0.0020402959,-0.15976065,-0.34293902,-0.2884811,-0.23183024,0.38379806,0.06616998,-0.421437,-0.20855254,-0.023664009,0.16192648,0.089031145,0.059731964,-0.114332646,-0.3682591,0.4076242,-0.13552496,-0.06637035,-0.4031623,-0.3194504,0.1687473,0.10993492,0.13235378,-0.04817652,-0.18400054,0.22188506,-0.19310203,0.00039059235,0.29378587,-0.22943982,-0.1437911,0.35373923,-0.23361194,0.035752576,-0.39625275,0.40056136,-0.12309696,-0.29893664,0.0411591,0.096984364,0.07834769,0.011096816,-0.2071481,-0.021496162,-0.35183048,-0.16042326,-0.14486854,0.35634357,0.13565594,-0.43953836,-0.4310912,-0.14462772,-0.3735978,-0.24871624,0.41846153,0.31736252,-0.047943722,-0.102032214,-0.41072658,0.013061609,-0.09240028,-0.055680204,-0.30044228,-0.15146373,-0.38878304,0.12070226,-0.3770448,-0.06962844,-0.21504734,-0.4404285,0.011431464,-0.2849442,-0.13238321,0.019153273,0.09831505,-0.12704092,0.34151974,-0.20815872,0.25543895,-0.16723523,0.12679757,0.19559938,-0.2819685,-0.39770818,0.08769321,-0.06731782,0.15962934,0.08430418,-0.09643973,-0.17305405,0.3337914,-0.11668935,0.3815582,0.38150525,0.16221689,-0.23951802,0.25680643,0.24496095,-0.3997684,0.44464317
7,-0.1891653,-0.06161779,0.050615925,-0.11057153,-0.07194531,0.3611123,0.032503445,-0.3443857,0.37345672,0.37953153,0.36359578,-0.24531424,-0.2850476,-0.19838193,-0.18419886,0.31907207,-0.18899931,-0.08312221,-0.04973397,-0.235114,-0.036553387,-0.33295608,-0.14876871,0.19739772,-0.13061199,-0.3434109,-0.069271,-0.26611727,-0.15366195,-0.31308365,0.02794883,0.054860245,-0.3809061,-0.044507008,0.30277324,-0.35433248,0.39413333,0.019747332,0.00053679035,0.17385197,-0.22642866,0.36905867,-0.2380611,0.39272442,-0.22727075,-0.05384796,-0.17783573,-0.23302025,0.27404234,-0.32698065,-0.055877298,0.021325963,-0.32539678,0.37969255,0.10969186,-0.25116435,-0.39533937,0.3555555,-0.25392064,0.008826855,0.382848,-0.32734105,-0.13554375,0.19995768,-0.36434072,0.058694176,-0.2560692,-0.3882262,0.3837926,-0.34508306,-0.25542277,0.077591635,-0.31222117,-0.28878182,0.2762966,-0.060256306,0.18932106,0.09708568,-0.34204924,0.10659566,-0.1864263,0.34496528,0.20042013,0.1277971,0.27240837,0.30667946,0.37749076,-0.36172184,0.41062373,0.32577035,0.11023276,-0.05625547,0.27110496,-0.1300322,0.27433527,0.005839715,0.31909853,0.12779814,0.33141458,-0.29847494
8,-0.19232935,-0.42992973,-0.05767015,0.093206435,0.14792301,0.21236491,-0.18202324,-0.33678335,0.29843137,0.18262382,0.0015009172,0.24232751,-0.07362111,-0.37688258,-0.25074643,0.05462043,-0.049383946,-0.07177147,-0.105152614,-0.25692552,0.16089632,-0.16787603,0.2178496,-0.080740325,-0.37648928,0.073702626,-0.38234422,0.0155407535,-0.24022007,-0.30511454,0.3099345,0.32883376,-0.30757383,-0.34490216,-0.2947148,0.06295464,0.21728417,-0.0070750485,-0.3269653,-0.100354895,0.098267585,0.12465554,-0.16077977,0.2224382,-0.2871073,-0.007767963,0.19351985,-0.05267176,-0.12908651,-0.14385791,-0.2721603,0.013905472,-0.08057495,0.18049508,0.18590364,-0.20162286,0.15865003,0.09646625,-0.04077679,-0.08849178,0.0021861969,-0.41520724,-0.12731476,0.16355363,0.030178716,0.064467505,0.008353313,0.12012542,0.15941796,0.013191722,-0.18194251,0.32499087,0.1309033,0.32735926,0.28136966,-0.010276341,0.14300694,0.2617383,-0.32238728,0.23334107,-0.19036609,-0.06360275,0.046980392,0.12431863,0.33816227,-0.13316694,0.13502628,0.015543577,-0.020405635,-0.03930669,0.34852275,-0.1290757,0.13783617,0.15975566,0.20244184,-0.19192943,-0.09071207,0.38775712,-0.08702883,-0.29823053
9,-0.12852356,-0.3721697,-0.012834964,-0.14113924,0.21312793,0.2028206,-0.012330745,-0.06789768,0.3684658,0.21263763,0.15504384,0.22805218,-0.09845638,0.06438895,-0.33120304,-0.1060223,-0.094191566,-0.3807529,0.4222747,-0.24802415,0.3289242,-0.373738,-0.34552476,0.23427172,0.04874087,-0.092269525,-0.13878886,-0.17539564,-0.21242622,-0.22955832,0.34732473,0.128822,-0.4061993,0.022478791,0.14151464,-0.31900847,-0.023198044,-0.20175795,0.32838064,-0.16558036,0.12524258,0.10693845,0.053279676,0.15664814,-0.015027622,0.15916392,0.017993074,-0.3618249,0.25988162,-0.29670936,-0.250821,-0.1956739,-0.35273668,0.16704619,-0.07268445,-0.090377524,-0.24048197,0.18593054,-0.105905026,0.046325326,0.23374449,-0.14558457,-0.42480376,0.30526462,-0.31061688,0.36873066,-0.088135146,-0.17260247,0.23780966,-0.24785033,0.18274803,0.37689063,-0.33260277,-0.41547206,0.19738013,-0.39872223,0.3929461,-0.052651756,-0.26940852,0.14195535,0.020795297,0.18836698,-0.2718443,0.3238876,0.3518773,-0.21106209,-0.0032005792,-0.24824409,0.3121056,0.34007198,-0.06736705,-0.3008625,0.21107116,-0.31333184,-0.09812976,0.2645835,0.14147542,0.078835405,0.03580671,0.0038512363
10,0.08673569,-0.3560033,-0.04606919,-0.40208676,-0.29329744,0.2661428,-0.07382064,-0.19242771,-0.21823992,0.10443593,0.059250522,0.15889747,-0.026091298,-0.37562335,-0.047474585,0.116557464,0.33752447,0.006356393,-0.13779214,-0.16178004,-0.34857702,0.060632363,0.017091407,-0.3415243,0.01911622,-0.04856999,0.0584313,-0.0167441,0.39443943,0.04171288,0.3783651,0.13055082,-0.0043482324,-0.30889872,-0.283956,0.3706498,-0.07379983,0.022206094,0.17433989,0.06786323,-0.07077421,0.15082477,-0.35547292,0.37410846,-0.24815333,0.1311924,-0.09672478,-0.044175014,0.10182148,-0.008249665,-0.123356715,0.09281569,0.036843233,0.2679447,0.24645953,0.1672678,-0.44216576,-0.0012205696,0.155813,0.32514027,0.020486554,-0.357968,0.17614555,0.3627399,-0.081630215,0.14780681,-0.11818599,0.17836194,0.27428642,-0.118848786,-0.015204107,0.2960286,0.21622136,0.03668429,-0.040232707,-0.17143005,0.39795524,-0.17642513,-0.14972474,0.037220966,-0.111890614,0.3172523,-0.16271515,-0.212906,0.39917296,-0.33650705,0.4146501,-0.3448453,0.106480055,0.31922406,0.09020877,-0.373237,0.41354442,0.00600602,-0.021612935,-0.16100603,0.34117854,0.1141722,-0.14780551,-0.32208765
11,0.10928455,-0.28375158,-0.34870675,0.13750105,-0.3066224,-0.18411839,0.275946,0.02880408,-0.3021497,0.0052298517,0.3044912,0.2677972,-0.29565752,-0.05055988,-0.2311335,0.2820371,-0.23813418,-0.21002366,-0.4404244,-0.24031858,0.3761868,-0.39312336,-0.15488672,-0.4132966,-0.16467907,-0.42967412,0.12610973,-0.36648798,0.1910626,0.16340147,0.1701304,0.19502556,0.05129167,0.14731118,-0.22423176,0.3713917,0.36031276,-0.09653967,-0.05572504,-0.2807371,0.11966657,-0.23632203,0.37690404,-0.11563917,-0.27217057,0.22237188,-0.19526014,-0.25894585,0.149998,-0.042754762,0.07443756,0.05146338,0.15795194,-0.081227995,0.081754014,0.13638408,0.31097323,0.080773376,-0.050906934,0.3272875,0.1718109,-0.096462406,-0.10904276,-0.077448234,-0.21821335,0.27648127,0.014869251,0.22864693,0.23461257,-0.12715814,-0.06366833,0.21492821,-0.19479825,0.26666036,-0.1054981,-0.31058633,0.40402433,0.071333095,-0.009708028,0.25333625,-0.3165505,0.08389718,0.1461479,0.13502094,0.36403298,-0.229708,0.12733707,0.195551,0.17687926,0.19720803,0.09923554,-0.08684169,-0.09772505,0.18150738,-0.004514477,-0.08457159,0.08432787,0.13129646,0.19437587,0.12618533
12,-0.2539169,0.0036931175,-0.27373883,-0.16254587,-0.07147816,0.38806328,0.27373928,-0.07607732,0.3546851,0.28259712,0.06841704,-0.27004057,0.055905443,-0.34393537,0.05120909,-0.06596657,0.13193792,-0.36279988,0.2051124,-0.16239472,0.19389656,-0.2728813,-0.37912202,0.38643274,-0.3264495,-0.16198787,-0.29711714,-0.044741575,-0.11436126,-0.28394708,0.25530958,0.09825757,-0.16552119,-0.3455777,0.37642437,-0.33558255,0.32650003,-0.09283688,0.1492503,0.26674885,-0.29708657,0.31616247,0.058254946,0.377966,-0.27543727,0.26673472,-0.43620437,-0.13405795,0.102572344,-0.2583963,0.15718102,-0.3455747,-0.04696766,0.15569404,-0.07396749,-0.161158,-0.29320776,0.28401735,-0.12334322,0.15926045,0.37826952,-0.17261024,-0.2707368,0.030298766,0.03521937,0.32294267,-0.049634833,-0.2534375,0.043166257,-0.34213215,-0.14764647,0.37727988,-0.39865044,-0.260261,-0.096967645,-0.1662807,0.0015618956,-0.3007837,-0.38298222,0.046846904,0.04251874,0.018274738,-0.26525134,0.27471495,-0.007824458,-0.07580148,0.29959983,-0.21630336,0.3176355,0.27072474,0.10071608,-0.28556982,0.2296292,-0.31654045,-0.14606778,0.3821701,0.27494574,0.11162036,0.24196523,-0.25846836
13,0.049259588,-0.06622455,-0.080038495,-0.0035114288,0.2669357,0.3006976,-0.12205363,-0.26604566,0.21032636,0.018079197,0.027930934,0.2318677,-0.17829752,-0.070640415,-0.3454014,0.30646124,-0.22766401,-0.11593428,0.14816117,-0.091794536,0.03114949,0.0481373,0.014276451,0.0054547153,0.025094803,-0.3597214,0.14087573,-0.32265985,-0.018296372,-0.22349016,0.33038408,0.011374796,-0.25742486,-0.04144306,0.17082673,-0.30987802,0.24269833,0.29387447,0.30220777,-0.20891383,0.04634218,0.2861607,-0.06536067,-0.09449636,-0.19170977,0.10475589,-0.16583851,0.0044840677,0.27399817,-0.28911427,0.015198068,0.13101938,-0.16370086,0.35471085,0.25961497,0.19371445,0.12236566,0.10801135,-0.28489357,0.17402983,0.36667547,-0.23975867,-0.21363936,0.17329995,-0.40478218,0.1561382,-0.335849,-0.13922763,0.23756807,0.01338137,0.15648013,-0.10298571,0.14147829,0.07784503,-0.08669628,-0.2214028,0.15666102,0.2363426,-0.36671656,0.18410084,-0.14332066,0.08548674,-0.22603609,0.111266665,0.25442857,-0.16498472,0.3293635,-0.30828238,-0.09703151,0.3122309,0.3175761,-0.2943166,0.21971144,-0.29476404,0.21664432,0.39572924,0.23578158,0.35223323,0.27931517,-0.16386655
14,-0.08687289,-0.42077193,0.18428406,-0.3256226,-0.22038063,-0.17005168,0.05990386,0.08501786,-0.25342435,0.3205879,0.31720653,0.13708746,-0.24129122,-0.33409688,-0.00083677383,-0.11097617,-0.1834739,-0.03885301,0.19328262,-0.2090804,0.2436362,0.09872269,0.08268483,-0.14908852,-0.10548827,-0.32425913,-0.24798009,-0.05513274,-0.31238952,0.0966486,-0.128808,0.35489643,-0.38601735,0.13918939,-0.3167939,0.13331515,-0.20928076,0.34597227,0.0001563458,-0.3544631,-0.27586207,-0.12890974,-0.14848574,-0.2911998,-0.28025302,-0.012695233,0.14139521,0.060546584,-0.014554731,-0.032798186,-0.39958948,-0.37702647,-0.03086996,0.3664937,0.35115618,-0.0025259394,0.3604821,-0.07416434,-0.24709822,0.41298404,-0.31423044,0.13095905,-0.427917,0.25133246,-0.09786407,0.40618932,0.1447773,-0.29650706,0.24031699,-0.13900259,0.44610554,0.28797725,-0.0042062057,-0.23035409,0.36709002,-0.14201444,0.08964948,0.2868868,0.16153081,0.3917149,-0.24993026,0.33535516,-0.36896545,0.38727868,0.07918484,-0.15881155,0.042658284,0.14220567,0.20375872,-0.047735974,0.17668809,-0.0640311,0.37438107,-0.32398903,-0.17055123,0.052083198,0.3268051,0.023949347,0.093356796,0.3772979
15,-0.22828913,0.021255407,-0.2805328,-0.109938644,0.04006193,-0.07234037,0.21004203,0.015189808,0.31710136,0.0701964,0.38973212,0.13231206,-0.26396853,-0.22135253,-0.23667382,0.38453457,-0.14331262,-0.025673795,-0.0017737714,-0.14930534,0.3310706,-0.04062844,-0.29508245,-0.15566005,-0.14397277,0.09285769,-0.3938005,-0.006156445,0.038539298,-0.14430356,0.3543337,0.36332962,-0.17590971,0.09816186,0.10310295,-0.255704,0.34015203,0.26162767,-0.14890312,-0.2560332,0.18080552,-0.013953511,-0.20908155,0.085348316,-0.0060351803,0.29456687,-0.18548368,-0.2949787,0.19312057,-0.018376425,-0.3520357,0.05419901,-0.17100707,0.2733787,0.08783478,-0.04319339,-0.1860465,0.13745451,-0.11392569,-0.030466415,-0.016640307,0.039288227,-0.0600381,0.081648685,-0.28116602,-0.08311114,-0.20874345,0.029805725,0.35272664,-0.167614,0.3829093,0.2221181,0.23020226,0.06062547,-0.033971086,-0.016399583,0.2623871,0.23869249,0.06503887,0.15675765,0.0027564026,0.31838635,0.040441573,-0.079864234,0.22401068,-0.21990919,0.29658526,-0.106301926,0.13189483,0.32443088,0.1809554,-0.3432647,0.28556195,0.10704616,0.30717224,0.1413293,0.3987935,-0.08283955,0.33657053,0.11427283
16,-0.032017097,-0.4018203,-0.41326293,0.08430227,-0.40136367,0.16377267,0.098329805,-0.40053234,-0.25050655,0.1334009,-0.118571766,0.3446966,0.10696126,-0.25461686,-0.2451399,-0.09814745,0.3524256,0.21855147,-0.37644714,0.096051574,0.060669985,-0.04397636,0.24227971,0.14358093,-0.085255064,0.0948726,-0.1116704,0.24937269,0.2603931,0.23008855,-0.05190294,0.23215307,0.030560773,0.2058419,-0.08982533,0.17828342,-0.117836244,0.15829603,0.24452125,-0.36404705,0.24145137,-0.42711568,-0.007905077,-0.12279788,-0.34784213,0.27112317,0.24293192,0.110279195,0.32291216,0.04089389,-0.35842705,-0.07855188,-0.10124552,-0.34603226,-0.119505435,0.027922135,0.11929344,0.27758804,-0.080090635,0.082528,0.0064823064,-0.33710244,0.29274073,0.43176538,-0.32375604,0.24264328,-0.046151068,-0.018747047,0.2865571,0.059440367,0.27938104,0.053102233,-0.17361167,0.33867022,-0.035761397,-0.09571548,0.20073706,-0.20977917,-0.018903745,0.06591469,-0.32060176,0.018850086,0.26331317,-0.18649185,-0.21662122,0.25549668,0.14116047,0.26127985,0.36563775,0.20958835,0.017247329,0.2730878,0.35687897,-0.20582403,0.3000014,0.09045327,0.38330773,0.14545712,-0.3355723,0.32554597
17,0.048079345,-0.27405486,-0.16665696,0.10791638,-0.40278116,0.048269827,0.2848323,-0.42433572,0.2379018,-0.1428445,0.38074204,0.07495661,0.036802053,-0.05018049,-0.34898716,-0.11720617,0.26040938,-0.068692796,-0.36037272,0.008380744,0.18676147,-0.3613346,-0.25445402,-0.014362391,-0.2103407,-0.3535377,-0.14698929,-0.22775409,0.30559275,-0.36432675,0.25066027,-0.22660679,-0.37834507,-0.018489901,-0.42624694,0.37547752,0.07606829,0.37608933,0.18746535,-0.27664483,0.037447624,-0.3662097,0.24824907,-0.410312,-0.21650916,0.07987503,0.32879245,0.29831752,0.1260754,-0.026351277,0.12161498,-0.45425925,0.31380203,-0.33700922,-0.004820673,-0.37247312,-0.03530615,0.032974105,-0.20577127,0.114552855,0.012796457,0.17430842,0.31331307,-0.19208142,0.029627934,0.10664281,-0.38688457,0.34632245,0.009022133,-0.29028827,0.42583352,-0.09097007,-0.089789055,0.44425327,0.15936044,-0.103344575,0.026779605,-0.41685903,0.21444717,0.25988308,-0.04297899,0.28525913,0.36638662,-0.24157488,0.3945219,0.27695292,0.29162472,0.14062603,-0.066544004,-0.2006548,0.11501318,-0.044488896,0.27195102,0.2396435,-0.08310132,0.0130467415,0.33533418,-0.13106772,-0.21012811,0.07650794
18,-0.31888843,-0.26588053,-0.1418895,-0.21245365,0.009882171,0.054061115,0.16333312,-0.14343674,0.1348563,-0.16097803,0.3930579,-0.27116248,-0.022769911,-0.37667534,-0.1634844,0.044534948,0.006305533,0.054748267,-0.37816808,-0.43511212,-0.21396133,-0.10733197,-0.30000064,-0.39082524,-0.36858162,0.0874791,-0.1977912,-0.29578072,0.3200314,-0.19506222,-0.10482921,0.29813084,-0.10524586,0.22443537,-0.069193274,0.2472098,0.29937828,0.002552749,0.29277447,-0.23076764,0.2673777,-0.12965684,-0.16255431,0.0891924,0.09284991,-0.08442481,0.21588087,0.19492078,0.19813369,0.13672833,-0.19036733,-0.3384032,-0.37589678,0.19069606,0.3257318,-0.17905846,0.124761924,0.09755776,-0.049541485,0.13532597,0.10638077,-0.22035855,-0.088072136,0.18542364,-0.13255599,0.11686599,-0.38703886,0.15884772,-0.08096894,-0.40789467,0.3894299,-0.2804667,0.24794692,0.123804875,0.38116005,-0.37791273,-0.04055314,-0.31367168,0.112346366,0.0579936,-0.2538277,-0.10372259,-0.050859645,-0.38738048,-0.13690715,0.052951247,0.07647341,-0.2933613,0.30992287,0.15786134,-0.06704279,0.25363007,0.085328124,0.03465802,0.38137665,0.3556204,-0.011883666,0.13400976,-0.30226642,0.3176114
19,0.19646847,-0.23704936,-0.32350162,-0.33987764,-0.031836413,0.14471842,0.31503695,0.061535012,-0.0716757,0.3954444,0.31465957,-0.27121127,-0.31534722,-0.12725146,-0.29164782,-0.053880062,0.3791447,-0.32792038,-0.013702358,-0.34362003,-0.4036801,-0.10020789,-0.18207674,-0.31389892,0.07746639,-0.3184426,-0.35225612,0.18819954,0.0006036791,-0.07910525,0.1689314,0.3530141,-0.40422353,-0.36300057,-0.10301503,0.30149874,0.41077074,0.04326202,-0.40041336,-0.17866896,-0.07577621,-0.3058131,0.24456087,0.33192807,-0.32393348,-0.20458153,-0.0887808,-0.4293139,0.3281244,-0.17028022,0.35933664,0.029921936,-0.1515155,0.022497045,0.27886626,-0.31252658,-0.24073167,0.21125,0.3841351,0.3678981,-0.19349681,-0.38330778,0.33535036,0.28822374,-0.14621407,0.1357373,-0.32421884,0.13583983,0.27444184,-0.18117125,0.037596785,0.3622478,0.13727969,-0.04122939,0.4228235,-0.2789683,0.29008564,-0.33766192,-0.04470807,-0.15383722,-0.15870164,0.28866753,-0.17767636,-0.25505885,-0.11208021,0.10481968,0.0036493472,-0.14308892,0.2500559,0.20362467,0.24932726,-0.3548012,0.12256952,0.16022405,0.18155538,0.25591594,0.29774562,0.019514734,-0.15134065,-0.21015784
20,0.11372446,-0.23726109,-0.31687698,-0.3415269,-0.040535156,0.16934435,0.43192616,-0.31601718,0.18275744,0.41574758,0.14312606,-0.19955103,-0.3616039,-0.21177977,-0.09386875,0.15235654,-0.19061188,-0.15921722,0.14575261,-0.3082186,0.13593055,-0.06076208,-0.10196406,0.29779613,0.17448707,-0.24634668,-0.33534706,-0.3216859,-0.3685555,-0.21404898,-0.034739517,-0.103948124,0.03575541,-0.13586843,0.08992843,-0.07931878,0.33309385,0.048512064,0.29303765,0.061997857,-0.14459704,0.36889163,-0.13810997,-0.04079632,-0.3163912,0.24516732,-0.37266377,-0.24219604,0.302804,-0.3261957,0.058247533,-0.33488122,-0.30075788,0.2743523,0.28720516,-0.3152652,-0.22390872,0.18222351,-0.15008155,0.37278587,-0.059250444,-0.3646743,-0.17302492,0.1713296,-0.10697244,0.18138976,-0.36798033,-0.25067633,0.25410247,-0.09391585,-0.08849822,0.28989565,-0.32682687,-0.38598475,0.12640591,-0.20131585,0.25968447,-0.31147614,-0.3418739,0.016409248,-0.07219565,0.28397778,0.10639512,0.25714839,0.36281642,-0.16448607,0.10871624,-0.38243255,0.34578928,0.014485799,0.33025083,-0.3984991,0.031181995,-0.3826749,-0.064243145,0.16208358,0.15656547,0.051164813,0.34709665,-0.3463323
21,0.40004686,-0.17448322,-0.06988165,-0.16626881,-0.24261732,0.07903228,0.35840052,0.0141323665,-0.03696692,0.302476,0.3844725,-0.027182607,-0.20185003,-0.41035387,-0.11308453,0.20351323,0.3581162,0.03479827,-0.19785084,-0.32970867,-0.06905198,-0.088875555,-0.3959215,0.07398626,-0.018883256,-0.10061235,-0.24603386,0.22264284,0.035126388,-0.340239,0.101146325,-0.08378233,-0.3306032,-0.28026482,0.11531377,0.14910054,0.18895754,0.20613596,-0.40237844,-0.10092,-0.12649146,0.17952615,-0.23703378,0.11678888,-0.25666678,0.05380211,0.00069916545,-0.3984963,0.35088515,-0.012828056,-0.13779879,-0.17581254,0.07057749,-0.25585914,0.2451327,0.10824845,0.030034104,0.15813212,0.3589899,0.023496803,0.20422144,-0.12672903,0.39699316,0.16964819,-0.2632663,0.37514567,-0.14932333,0.2264355,0.41212785,-0.22002874,0.38973245,0.3420611,0.4105152,-0.11893777,0.33470598,-0.28775543,0.14613305,-0.29428902,-0.02817134,0.2937299,-0.34155482,0.22695388,0.060420357,-0.288023,0.27477056,-0.31748688,0.3770619,-0.39673457,0.39123175,0.25592256,0.36528826,-0.33974928,0.019974127,0.27259266,0.31623083,0.29216903,-0.051952254,0.42300153,0.27203885,-0.17427233
22,0.16253196,-0.21296313,-0.00080158666,-0.37250885,-0.21956767,0.35807014,0.33710566,-0.29475236,-0.16587727,0.13807547,0.1880387,-0.15365373,-0.0054968265,-0.29432678,-0.3928596,0.32391736,0.29219517,-0.013183833,-0.15706842,-0.041248366,-0.15116894,0.010563503,-0.47115198,-0.2580328,-0.18399729,-0.24312703,-0.38454032,-0.11234301,-0.19394644,-0.4250959,0.22551432,-0.019615505,-0.18460779,-0.28726608,0.26634875,0.11460477,0.08899815,0.32471788,0.009316853,-0.32071596,-0.41756597,-0.01713562,-0.005793568,-0.21065837,-0.17732865,0.31593704,-0.035173647,-0.30370092,0.024696548,-0.12363372,0.02080797,-0.13253078,-0.360763,0.013478226,-0.08354985,-0.37008563,-0.25996104,0.3405526,0.17821234,0.25089633,0.36014134,0.105104774,0.30707845,-0.10119037,-0.2313105,0.21639226,-0.29116634,0.29109186,0.28124923,0.06711038,0.08531932,0.21446455,0.26867628,-0.03583345,0.18678045,-0.055717967,0.34491926,-0.049100656,-0.027064284,0.035935905,-0.2757166,0.027177954,0.21433473,0.05038191,0.01620933,0.16963983,-0.016638864,-0.38159093,0.25510037,0.41989592,0.21985309,-0.31936267,0.06104597,-0.3315994,0.026565282,0.20453103,-0.020224828,0.1972803,0.16466337,-0.28126535
23,-0.32751006,-0.30898765,-0.3986798,-0.40491638,-0.241221,0.25791293,0.20587762,-0.23476847,-0.12510808,0.07143046,0.21476562,0.18375722,-0.048467334,-0.122505024,-0.093672425,0.26140627,0.00047016118,-0.27802458,-0.010317335,-0.088332914,-0.042057388,-0.16392224,-0.2521589,0.04839471,-0.34383354,-0.18595056,0.057883218,-0.22821511,-0.01857734,-0.27216092,0.08462285,-0.017674882,-0.32686973,0.03135079,-0.19585425,-0.07410471,0.24163058,0.07036837,0.1225266,-0.17491747,0.23654878,0.07810061,0.14215274,-0.07887429,-0.25459722,0.057587307,-0.19079633,0.0718809,0.26395,-0.33080295,0.042638,-0.0030392744,-0.17918873,0.29471257,0.23732114,-0.2755474,-0.22872327,0.28938028,0.1841311,0.3731038,0.27269197,-0.068948835,0.12647867,0.2684084,-0.2924935,0.039193034,-0.16655204,0.2704437,0.3491856,-0.36405027,-0.060705192,0.30172068,0.22673118,0.23160212,0.25741753,-0.26059055,0.21043319,-0.06519723,0.0047200527,0.2396243,-0.05689613,0.31063506,-0.093670525,0.15098976,0.14310156,0.33749202,-0.06926238,-0.011661367,0.17475711,0.12083579,-0.021014828,0.1163945,0.19027163,-0.20875028,0.23834722,0.4716591,0.3975854,0.33036903,0.09900228,0.3567022
24,0.008030854,-0.13541171,-0.072497495,-0.007912998,-0.26012677,0.23317783,0.12555766,-0.13722833,0.11392194,0.13313955,0.39667678,0.12935792,0.057455704,-0.23245154,-0.25372797,0.06264265,-0.24241824,0.2072814,-0.17954631,0.10821312,0.37120187,-0.23376516,-0.23742592,0.37127757,-0.014177436,0.16633311,0.2255188,-0.25819248,0.0960594,-0.24509928,0.26716837,-0.08415493,-0.24393468,-0.25792816,0.06594374,-0.059484124,-0.08566776,-0.18179794,0.18516335,0.22836635,0.020760134,0.08030616,-0.3983679,-0.18035214,-0.22023529,0.020969212,0.0045560896,-0.37173152,0.023760427,-0.3208832,-0.34617516,-0.0462833,-0.33062503,-0.026990907,0.3326204,-0.20197582,0.23574269,0.20289999,-0.19025983,-0.042372636,0.06964512,-0.33435133,-0.25735137,-0.14422806,-0.22479054,0.2701581,-0.30404624,-0.04008558,0.15210475,-0.37834537,0.18557695,-0.106459595,-0.17387383,0.032930378,0.30080706,-0.26804614,-0.11987614,0.11409073,-0.29137248,0.299087,-0.16517012,0.37484834,0.11913806,-0.009567836,0.22512884,0.34024176,0.21781266,-0.04388879,0.34658086,0.16954583,-0.12662022,-0.049801264,0.2781475,-0.16566886,0.06689275,-0.05781949,0.14419466,0.007800259,-0.13159747,-0.14985056
25,0.077112816,0.0880046,0.043624982,-0.18769419,-0.2883757,0.0012852363,-0.1274284,-0.38030285,0.0837326,-0.0015813364,-0.050224032,0.24164458,-0.022454016,-0.15555476,-0.27516875,0.2871071,0.3666522,0.14177614,-0.37262696,-0.21507037,-0.23859118,-0.035093836,-0.104889244,-0.2585544,-0.31885925,-0.31983748,-0.1461041,0.33937922,0.30463362,-0.16133906,0.21974346,-0.019152923,0.020356348,-0.017245108,-0.3538401,0.0070786653,0.09553341,0.0061512114,0.32778496,-0.4481207,0.33881602,-0.32585812,-0.2845639,0.0009597663,-0.08901621,0.20062731,-0.24344356,0.22901429,0.34640178,-0.06380466,-0.04718568,-0.344111,-0.26018637,-0.21931742,-0.059614293,0.32655913,0.13448986,0.29547676,-0.09140489,0.28885654,-0.08873219,-0.36686102,0.14125955,0.25019324,-0.03715417,-0.06855186,0.14215727,0.30157238,0.1002225,-0.29178214,0.28920257,-0.07367619,0.19309482,-0.09962691,0.3610063,-0.29423383,0.044723094,-0.0038348215,-0.077365406,0.23016456,-0.4049775,0.18814746,-0.071684316,-0.114492126,-0.2742785,-0.32147843,0.36959225,-0.067776956,0.32479846,0.16081148,0.39586985,-0.05873115,0.14649618,-0.16061768,0.22481838,-0.114921354,0.3686136,0.26860788,-0.049967617,0.19971442
26,0.31109595,0.10137401,-0.0725266,-0.18765704,-0.3524459,0.17114632,0.02246463,-0.19913591,-0.16071019,0.24873945,0.035778154,-0.17382477,-0.15878959,-0.11355174,-0.37612867,0.3138539,-0.13322125,-0.33324766,0.12571977,-0.28757313,0.3191764,-0.29791263,-0.21966147,-0.2682964,0.17162742,-0.3151266,-0.25514248,-0.11966691,0.08269509,-0.020755084,-0.07746799,-0.09265977,-0.09883568,-0.11233309,0.27838168,0.17574608,0.10491793,-0.3586278,-0.090742275,-0.3624224,0.23250438,-0.2042596,0.33439672,-0.1809572,-0.2196941,0.10078034,0.26222196,0.28098306,0.35241646,-0.17753209,-0.37285522,-0.39337024,0.28673923,0.33347467,0.058687653,0.25533956,-0.059132352,0.33739382,-0.39454463,0.07405029,-0.22094661,-0.31471798,-0.15807901,0.12749724,-0.16004987,0.2848317,0.033792138,-0.12773609,0.21319224,-0.12571648,0.33153978,-0.3023487,0.259756,-0.07199131,0.40520906,-0.26593447,0.30466643,-0.08096931,-0.315876,-0.16449246,0.09249384,0.2967271,-0.0750382,-0.3262773,0.2774785,0.06851575,0.20330402,-0.32532278,-0.0436961,-0.08105137,0.34457478,-0.12427161,0.3200089,0.24370794,-0.106203474,0.39415202,0.28707534,0.16686308,-0.3073344,0.15764272
27,-0.17008452,0.066572465,-0.3557906,-0.14591962,0.018171059,0.3488101,0.22617337,-0.058323443,-0.10548992,0.13943356,0.19815412,0.13179268,-0.06292225,-0.048673756,0.067586794,0.32630873,0.1900328,0.045860194,0.20765758,-0.1077237,0.20557053,-0.087278545,-0.13981742,-0.043040972,0.04479253,-0.12942994,-0.04145704,-0.27313358,-0.03575259,-0.03993513,-0.061785385,0.27017087,-0.075843185,-0.4175643,0.36852735,-0.25189215,0.12857884,-0.24065399,-0.017333334,-0.18621229,-0.39144483,0.06292755,-0.40824193,0.3194316,-0.3984297,0.1361717,-0.104882196,-0.007815497,-0.05491056,-0.01659853,0.08030331,-0.38286212,-0.16831405,0.27553272,0.09322582,0.031033654,-0.3372525,0.31931618,-0.29941815,0.32933655,-0.12319416,-0.24716844,0.17326245,0.3624134,-0.3213668,0.21529835,-0.09525662,-0.12646489,-0.005975224,-0.27604735,0.021081015,-0.03254161,-0.36844292,0.14106888,0.29122618,-0.051736694,0.22937243,-0.1448686,-0.16373287,0.22460525,-0.026468528,0.37845054,-0.020881245,0.18038575,0.2382987,0.24168211,0.21841908,-0.085322514,0.34858018,0.30202344,0.07788519,-0.19995505,0.35413936,-0.38593715,0.34870297,0.23053105,0.22112952,0.39730504,-0.02133771,-0.1745623
28,-0.38017175,-0.12460254,-0.028811544,-0.20781398,-0.2625334,0.3272999,-0.23325233,-0.4005917,-0.2554324,-0.040489648,0.35799888,0.32005998,-0.2539759,-0.12295774,-0.017505638,0.41693777,-0.036153235,-0.108954616,-0.19020821,-0.19524263,0.033535197,0.2345825,-0.011260429,0.010122322,-0.38353884,0.16286702,-0.114576526,0.2841989,0.46753722,0.30093977,-0.024034653,-0.21941271,-0.17277355,0.17336075,-0.22869128,0.02447702,-0.033571728,0.27449477,0.28858694,-0.29207548,0.07630051,-0.13892569,0.26625067,-0.4105441,-0.24591461,0.4293737,-0.029032338,0.38949692,-0.12514336,-0.2362817,-0.24525617,0.17467429,0.18026228,0.12108995,0.24581338,-0.057106752,0.35178953,0.33223638,-0.39463085,0.084657855,-0.38157317,-0.3338882,-0.20209779,0.32334545,-0.00985411,0.24852373,-0.14669693,0.16915953,0.16202718,-0.24355853,0.4408101,-0.062339675,-0.19776863,0.46037266,0.25169557,0.14772281,0.17419833,-0.3475384,0.3162227,0.24660619,-0.22392872,-0.018143717,0.29498315,0.022151476,0.37250218,0.078380674,0.14387167,0.038338725,0.1980341,0.21548742,0.005537475,-0.05581497,-0.05138881,0.14852172,0.20361315,-0.24432866,0.07302573,0.40461543,-0.09526885,0.32440805
29,-0.21897513,0.017159445,-0.19002311,0.028909078,0.11259078,0.2754366,0.17782557,-0.14576381,-0.2735066,0.37722152,0.3716381,-0.31292945,-0.14930508,-0.15879656,-0.24742039,0.21212916,0.2709521,-0.2563917,0.002200865,0.02124213,0.024155207,-0.08567208,-0.28301668,0.012638142,-0.16773371,-0.23698416,-0.2650766,-0.040462743,-0.20353517,-0.27155355,0.17974065,0.2878508,-0.3672919,-0.05024164,0.28917286,0.23323296,0.24015406,-0.043631103,-0.20015049,-0.120473124,-0.25079057,-0.22596121,-0.15030959,-0.214454,-0.11429695,9.2292765e-05,0.16815318,-0.28362927,-0.08291665,-0.3291435,0.057302058,-0.39356995,0.2463704,-0.16088127,0.31763634,-0.22707355,-0.40889123,-0.06498879,-0.19556056,0.36229017,-0.1313148,-0.1523353,-0.23994017,0.3943627,-0.24944317,0.08504483,-0.042318728,0.27747494,0.0012406837,-0.030911218,-0.20329203,0.26143134,0.06278537,0.22336873,0.11850633,-0.2628142,0.32327342,-0.34979934,-0.38737082,0.21216483,-0.36484465,0.26231652,-0.39640027,0.1535595,0.02893391,0.00895663,0.19389679,-5.9264446e-05,0.022811519,0.38252357,0.01635868,-0.1458187,-0.010075015,-0.30400473,0.30419844,-0.050801754,0.35210052,-0.01326598,0.23588328,-0.23002197
30,-0.36592433,-0.41707882,-0.17579642,-0.40182972,-0.2608968,-0.082792014,-0.17124906,-0.106371395,-0.112166025,0.172675,0.2299333,-0.32087386,-0.22983702,0.0132513745,-0.34028602,0.44956765,0.31637323,-0.31500134,-0.15227716,0.22432132,-0.00080635434,-0.28645527,-0.032493435,-0.32145956,-0.24551973,-0.40276298,-0.2093492,-0.055869542,0.19652401,0.23760216,0.281695,0.43069458,0.11889494,0.13345371,0.06498028,0.39540535,0.17396016,-0.10772884,-0.21618612,-0.20449233,-0.16540103,-0.2020559,-0.07006519,-0.004984509,-0.0872588,0.2098801,0.25232273,0.3336193,0.37561908,0.012147132,-0.383908,-0.328447,0.15718198,0.098413385,-0.060335457,0.004306308,0.3352311,-0.058583915,0.0021926188,-0.07654183,-0.4126897,-0.37846082,0.22607838,-0.11839951,-0.3007032,0.029311977,-0.20906097,0.3439269,-0.043527402,-0.28455827,0.24792035,-0.23532428,0.35722446,0.33700857,0.43609893,-0.37660736,-0.06384945,-0.22033508,-0.1464274,0.12257124,-0.18094034,0.33672756,-0.44540617,-0.33757827,-0.19209382,-0.2692628,0.20579539,0.051439352,0.21712217,0.09288829,0.40506312,0.0010935185,0.12098941,0.20916651,-0.012533283,0.31929964,0.035499975,0.15874937,-0.0547061,0.19025004
31,-0.26824924,-0.3561099,-0.3246812,0.16280937,0.035006296,0.14746307,-0.2049769,-0.44574457,0.23415937,0.17642176,0.2418732,-0.1038424,0.21110223,0.08501609,-0.13059112,0.14114627,0.26691866,0.0057654264,-0.2832363,-0.23669665,0.28120923,-0.022844484,0.109202616,-0.32891965,-0.22888619,0.08335069,0.1987309,-0.07403069,-0.13372916,0.22347066,-0.2514958,0.30881816,0.04073407,-0.10046496,-0.06405228,0.29249036,-0.028692253,-0.27562773,0.3157704,-0.26080105,0.45135105,-0.22638197,-0.11278891,-0.36984968,-0.15069067,-0.09230882,0.3552678,0.45530725,0.23652312,-0.25410292,-0.43709245,-0.0034294212,-0.06713011,-0.18549407,0.16810848,0.030526318,0.018287368,-0.13746226,-0.029298503,0.08452933,0.077744186,0.06342953,-0.11573858,-0.19400287,-0.36457196,0.27515882,-0.18639961,-0.100824736,-0.13796958,-0.024289442,0.29105753,-0.4078532,0.24161765,-0.14819437,0.037985712,-0.2516609,0.26325518,0.04318886,-0.16920531,0.45082617,0.11417956,0.3404325,0.35333574,0.1830158,0.41099927,0.26029748,0.38457355,0.077245034,0.28121707,-0.03780456,0.06770422,0.36546254,-0.058242716,0.14175084,0.36607206,-0.096419476,-0.047958415,-0.1465263,-0.34160814,0.46944764
32,0.0724412,0.047573987,-0.20085676,0.16657786,-0.14264849,-0.066219315,0.31661835,-0.22281137,-0.36110356,-0.10758602,0.08169957,-0.43487263,-0.42217293,0.07872751,-0.06336092,-0.1114005,0.11943095,-0.15986957,-0.08854604,-0.44909927,0.3327874,-0.24410568,-0.21256602,-0.086099744,0.035758775,0.18196768,-0.18557431,-0.12473029,0.19384904,-0.3940455,0.24753542,-0.0044497834,-0.19340606,0.19529065,0.0022581636,0.36482283,0.09153849,0.28072882,0.2078539,-0.33474204,0.25113797,0.20098373,-0.0293864,0.31054452,-0.18491285,-0.4341619,0.33459604,0.002757237,0.3298129,-0.13334502,-0.2445793,-0.13707668,-0.092689075,-0.43322492,0.14543766,-0.043059103,-0.074908935,-0.05577321,0.19839409,0.38382867,-0.40393314,-0.34717932,-0.32212994,0.3563652,-0.15750651,0.09301198,-0.056543138,0.2222401,-0.14743717,0.03963733,0.3496974,-0.36443835,0.087690726,0.36312455,0.03849374,-0.3180462,0.11681723,0.0074245404,-0.43909302,-0.42886114,-0.019997075,0.06379592,0.0060045915,0.10673684,-0.34955406,0.11358469,0.3280804,-0.17862621,0.0063638943,0.11017949,0.0962665,-0.22800393,0.39156005,0.13313727,0.28366283,0.28872183,0.20461337,-0.19556792,0.057578076,0.25147077
33,0.15168531,0.0936443,-0.34875324,-0.2505136,0.21064974,0.30890533,0.4070035,-0.30915573,0.13116993,0.0426386,0.14156362,0.14422472,-0.035401415,-0.28389218,-0.19643322,0.10707365,-0.2188011,-0.2426251,0.1938758,-0.38277432,0.068751864,-0.30922842,-0.11528726,0.19105326,-0.03144147,0.11729202,-0.031397145,-0.27061903,-0.34264544,-0.15193506,-0.04346379,0.079748765,-0.002451326,0.13352835,0.30346164,0.05938586,0.0007923203,-0.35608685,-0.15123984,0.12404811,-0.39239424,0.2263936,-0.38965672,0.23761378,-0.29552194,-0.06151864,-0.1917212,-0.33987296,0.31239504,-0.09391112,-0.35402516,-0.23879199,0.091435,0.3853847,0.23819306,-0.097496286,0.15600592,0.30452633,-0.3607574,0.13561651,-0.018897712,-0.05098364,-0.26048744,-0.094829544,0.05749859,0.1792035,-0.15207568,0.093640275,0.28502735,-0.26361534,-0.32610095,0.38832635,0.05702699,0.12523896,-0.12563355,-0.35888654,0.09959166,-0.1077624,0.06611736,0.3025568,-0.010525502,0.35067078,0.23954345,-0.13088635,0.104550496,0.33289054,0.32852915,-0.26307398,0.4078735,0.2725878,0.07864571,-0.3798318,0.150414,-0.18099652,-0.19706725,0.3314361,0.04023237,0.3695372,0.25408474,-0.13938287
34,-0.27216342,-0.17890927,-0.3811823,-0.14252903,0.1239704,0.22841452,0.2958711,-0.14134504,-0.27869174,-0.044938434,0.20142326,0.3175245,-0.03396129,-0.3159873,-0.33147448,0.18986173,0.21235052,0.08435035,-0.0119082285,-0.3662623,-0.20278399,-0.3527484,-0.031558298,-0.1732694,0.2528574,-0.18690518,-0.2914838,0.12758842,0.3315868,0.08211567,0.3632504,0.10352591,-0.14649926,-0.39512298,-0.008119047,-0.09546969,0.3382081,0.14853124,-0.06130317,-0.060832523,0.2407556,0.027944338,-0.3153676,-0.07671808,-0.16793016,-0.085874245,0.25994825,0.056603044,0.067340165,-0.12015559,-0.018273601,0.11707389,0.0859318,0.2246705,0.40090302,0.00035824857,-0.23514938,0.369405,0.055434708,0.40659484,0.3314182,-0.012660403,0.21778835,0.2308631,-0.12340921,0.23319119,0.012348347,-0.024465809,-0.12588918,0.14412208,0.3605242,-0.19492406,0.07247376,0.3357178,-0.017276192,-0.3567282,0.33872944,-0.17539059,0.0525521,-0.1353224,-0.36541498,0.022103906,0.18984634,-0.21471451,-0.14130105,-0.3044248,0.090609305,-0.066641286,0.4033961,-0.04911013,0.11938063,0.0019804353,0.21662913,0.003590767,0.25039598,0.10558276,-0.030788882,0.36985633,0.32308355,-0.21956049
35,0.27593037,-0.097936384,-0.40132698,-0.33763298,-0.09310406,-0.041373815,0.034635916,0.057388972,-0.102439195,-0.013191753,0.08257609,-0.15366738,-0.4401115,-0.014549421,-0.046478584,0.26519248,-0.1913386,-0.12291874,-0.39785194,-0.45947266,-0.1656322,0.09014134,-0.057437025,0.2292368,-0.29855227,-0.12066103,0.044641823,0.17889048,0.24581191,-0.0048268638,0.3994855,0.34019214,-0.045352936,0.23940937,0.16691916,0.38315552,-0.13210681,0.03905377,-0.29463494,-0.07445376,-0.0031715787,-0.21949548,-0.14950891,0.119364746,-0.352751,-0.021020113,0.31395772,0.1298298,0.04129012,-0.047592513,-0.22143126,-0.2859623,0.020053048,0.23876564,0.41953254,0.05672729,0.24738778,0.006924479,0.047740173,0.16249608,-0.16534686,-0.19043459,0.10189862,0.1617033,-0.28741217,0.12783302,-0.38122723,-0.040687818,-0.11574105,-0.32154185,0.11329861,0.2284757,0.05180921,0.26032382,0.051262055,-0.18572477,0.3900653,-0.25008884,0.23855835,0.26074296,-0.34006536,0.08258036,-0.22393867,-0.26604652,0.23184378,0.16497849,0.11435553,0.1290231,-0.10297059,-0.11084413,0.25187317,-0.113581024,0.3650992,0.12503429,0.3693543,0.23708129,0.09720678,0.15744656,-0.007340015,0.006962897
36,-0.3169245,-0.2716203,-0.061136592,-0.38384444,-0.08004454,0.3887536,0.41296026,-0.14659145,0.2531928,0.3970926,0.11629211,0.021910744,-0.38365033,-0.3638316,-0.102511786,-0.18236344,-0.01498071,-0.35045293,-0.15274388,0.04595698,0.10435683,-0.37396774,-0.099318646,0.32953492,-0.3605648,-0.26918626,-0.02672901,-0.30975017,-0.021457592,-0.19900683,0.3594838,0.28416628,-0.17193365,0.02262103,-0.09894486,0.17058998,0.08722257,0.009522765,-0.21167985,-0.18727838,-0.09485662,0.21960151,-0.2583732,0.06868396,-0.0028706884,0.34301507,-0.18985948,-0.23696676,0.018951314,-0.33345658,-0.24186333,0.045192644,-0.012702276,0.08035031,0.27607453,-0.19358012,-0.056313787,0.14606833,-0.38331568,0.19897574,0.19034402,-0.2923883,0.018690675,0.2498452,-0.33837086,0.3179791,-0.37487045,-0.3162073,0.34829217,0.020036815,-0.17756955,0.16064683,-0.19797423,-0.0035451083,0.14180408,-0.11089572,0.075793356,0.16976878,-0.1618178,0.08366915,-0.38935035,-0.037397098,-0.13160744,0.33175358,0.025220133,-0.13129313,0.25439036,-0.103064075,-0.009080781,0.34614295,0.24564433,-0.35163563,0.3361909,-0.07314418,0.15800348,-0.07831697,-0.0052472884,-0.024064146,0.27419344,-0.10158287
37,0.28315485,-0.3240012,0.011391153,-0.1774393,-0.15134154,0.033814766,-0.025055282,-0.3291724,-0.016507294,0.38064352,0.025595251,-0.35216537,-0.31204212,-0.23401032,-0.043091636,0.3102025,0.100409366,-0.09033002,-0.36062476,0.129036,-0.12642829,0.1654852,0.19405605,-0.2993655,-0.4236778,-0.112662844,-0.2985866,-0.3877113,0.32877415,-0.071488634,0.17635398,0.09341793,0.00444644,-0.3544209,-0.3181362,-0.15752007,0.1840082,0.36386803,0.07975332,-0.20899236,-0.06346013,-0.15841085,0.42053747,-0.19218774,-0.2208633,0.14100988,0.24580161,-0.20297185,0.41001385,-0.43407324,0.21992044,-0.10896733,-0.15456377,-0.034589164,0.1959676,-0.36936638,-0.06026711,0.105627164,-0.1635964,-0.06589863,-0.35151044,-0.15451416,0.050743196,0.28138566,-0.20236894,0.41054225,-0.31163847,0.3924426,0.15083654,-0.35786897,0.08425712,-0.3627686,0.4021716,0.07273894,0.04402992,-0.35910332,0.066020176,-0.36607024,0.23541354,0.14126845,-0.19186231,-0.1265329,0.28102344,-0.4123177,-0.2705474,0.21158111,0.17518169,0.08165293,0.31976968,0.2765707,0.36176908,0.058322936,-0.090282016,-0.113378905,0.18472522,-0.18340987,0.40552166,0.33378267,-0.18838935,0.160212
